NO,Temp,Time
1,27.31,2016-09-08 12:32:05
2,27.25,2016-09-08 12:32:06
3,27.25,2016-09-08 12:32:07
4,27.25,2016-09-08 12:32:08
5,27.25,2016-09-08 12:32:09
6,27.25,2016-09-08 12:32:10
7,27.31,2016-09-08 12:32:11
8,27.31,2016-09-08 12:32:12
9,27.25,2016-09-08 12:32:13
10,27.25,2016-09-08 12:32:14
11,27.25,2016-09-08 12:32:15
12,27.25,2016-09-08 12:32:16
13,27.25,2016-09-08 12:32:17
14,27.38,2016-09-08 12:32:18
15,27.88,2016-09-08 12:32:19
16,27.81,2016-09-08 12:32:20
17,27.94,2016-09-08 12:32:21
18,28.06,2016-09-08 12:32:22
19,28.13,2016-09-08 12:32:23
20,28.19,2016-09-08 12:32:24
21,28.19,2016-09-08 12:32:25
22,28.19,2016-09-08 12:32:26
23,28.19,2016-09-08 12:32:27
24,28.19,2016-09-08 12:32:28
25,28.25,2016-09-08 12:32:29
26,28.19,2016-09-08 12:32:30
27,28.19,2016-09-08 12:32:31
28,28.25,2016-09-08 12:32:32
29,28.19,2016-09-08 12:32:33
30,28.19,2016-09-08 12:32:34
31,28.25,2016-09-08 12:32:35
32,28.19,2016-09-08 12:32:36
33,28.19,2016-09-08 12:32:37
34,28.25,2016-09-08 12:32:38
35,28.25,2016-09-08 12:32:39
36,28.19,2016-09-08 12:32:40
37,28.19,2016-09-08 12:32:41
38,28.25,2016-09-08 12:32:42
39,28.19,2016-09-08 12:32:43
40,28.25,2016-09-08 12:32:44
41,28.19,2016-09-08 12:32:45
42,28.19,2016-09-08 12:32:46
43,28.19,2016-09-08 12:32:47
44,28.19,2016-09-08 12:32:48
45,28.19,2016-09-08 12:32:49
46,28.19,2016-09-08 12:32:50
47,28.19,2016-09-08 12:32:51
48,28.19,2016-09-08 12:32:52
49,28.19,2016-09-08 12:32:53
50,28.19,2016-09-08 12:32:54
51,28.19,2016-09-08 12:32:55
52,28.19,2016-09-08 12:32:56
53,28.19,2016-09-08 12:32:57
54,28.19,2016-09-08 12:32:58
55,28.13,2016-09-08 12:32:59
56,28.13,2016-09-08 12:33:00
57,28.19,2016-09-08 12:33:01
58,28.13,2016-09-08 12:33:02
59,28.13,2016-09-08 12:33:03
60,28.19,2016-09-08 12:33:04
61,28.13,2016-09-08 12:33:05
62,28.13,2016-09-08 12:33:06
63,28.13,2016-09-08 12:33:07
64,28.13,2016-09-08 12:33:08
65,28.13,2016-09-08 12:33:09
66,28.06,2016-09-08 12:33:10
67,28.06,2016-09-08 12:33:11
68,28.13,2016-09-08 12:33:12
69,28.13,2016-09-08 12:33:13
70,28.06,2016-09-08 12:33:14
71,28.06,2016-09-08 12:33:15
72,28.06,2016-09-08 12:33:16
73,28.06,2016-09-08 12:33:17
74,28.06,2016-09-08 12:33:18
75,28.06,2016-09-08 12:33:19
76,28.00,2016-09-08 12:33:20
77,28.00,2016-09-08 12:33:21
78,28.00,2016-09-08 12:33:22
79,28.00,2016-09-08 12:33:23
80,28.00,2016-09-08 12:33:24
81,28.00,2016-09-08 12:33:25
82,28.00,2016-09-08 12:33:26
83,28.00,2016-09-08 12:33:27
84,27.94,2016-09-08 12:33:28
85,27.94,2016-09-08 12:33:29
86,27.94,2016-09-08 12:33:30
87,27.94,2016-09-08 12:33:31
88,27.94,2016-09-08 12:33:32
89,27.94,2016-09-08 12:33:33
90,27.94,2016-09-08 12:33:34
91,27.94,2016-09-08 12:33:35
92,27.94,2016-09-08 12:33:36
93,27.94,2016-09-08 12:33:37
94,27.94,2016-09-08 12:33:38
95,27.88,2016-09-08 12:33:39
96,27.94,2016-09-08 12:33:40
97,27.94,2016-09-08 12:33:41
98,27.94,2016-09-08 12:33:42
99,27.88,2016-09-08 12:33:43
100,27.88,2016-09-08 12:33:44
101,27.88,2016-09-08 12:33:45
102,27.88,2016-09-08 12:33:46
103,27.81,2016-09-08 12:33:47
104,27.81,2016-09-08 12:33:48
105,27.81,2016-09-08 12:33:49
106,27.81,2016-09-08 12:33:50
107,27.81,2016-09-08 12:33:51
108,27.81,2016-09-08 12:33:52
109,27.81,2016-09-08 12:33:53
110,27.81,2016-09-08 12:33:54
111,27.81,2016-09-08 12:33:55
112,27.81,2016-09-08 12:33:56
113,27.81,2016-09-08 12:33:57
114,27.81,2016-09-08 12:33:58
115,27.81,2016-09-08 12:33:59
116,27.81,2016-09-08 12:34:00
117,27.81,2016-09-08 12:34:01
118,27.81,2016-09-08 12:34:02
119,27.88,2016-09-08 12:34:03
120,27.88,2016-09-08 12:34:04
121,27.88,2016-09-08 12:34:05
122,27.88,2016-09-08 12:34:06
123,27.88,2016-09-08 12:34:07
124,27.81,2016-09-08 12:34:08
125,27.81,2016-09-08 12:34:09
126,27.81,2016-09-08 12:34:10
127,27.81,2016-09-08 12:34:11
128,27.81,2016-09-08 12:34:12
129,27.81,2016-09-08 12:34:13
130,27.81,2016-09-08 12:34:14
131,27.81,2016-09-08 12:34:15
132,27.81,2016-09-08 12:34:16
133,27.81,2016-09-08 12:34:17
134,27.81,2016-09-08 12:34:18
135,27.81,2016-09-08 12:34:19
136,27.88,2016-09-08 12:34:20
137,27.81,2016-09-08 12:34:21
138,27.88,2016-09-08 12:34:22
139,27.81,2016-09-08 12:34:23
140,27.81,2016-09-08 12:34:24
141,27.81,2016-09-08 12:34:25
142,27.81,2016-09-08 12:34:26
143,27.81,2016-09-08 12:34:27
144,27.75,2016-09-08 12:34:28
145,27.81,2016-09-08 12:34:29
146,27.75,2016-09-08 12:34:30
147,27.75,2016-09-08 12:34:31
148,27.69,2016-09-08 12:34:32
149,27.69,2016-09-08 12:34:33
150,27.69,2016-09-08 12:34:34
151,27.69,2016-09-08 12:34:35
152,27.69,2016-09-08 12:34:36
153,27.69,2016-09-08 12:34:37
154,27.69,2016-09-08 12:34:38
155,27.63,2016-09-08 12:34:39
156,27.63,2016-09-08 12:34:40
157,27.63,2016-09-08 12:34:41
158,27.63,2016-09-08 12:34:42
159,27.69,2016-09-08 12:34:43
160,27.63,2016-09-08 12:34:44
161,27.56,2016-09-08 12:34:45
162,27.63,2016-09-08 12:34:46
163,27.63,2016-09-08 12:34:47
164,27.56,2016-09-08 12:34:48
165,27.56,2016-09-08 12:34:49
166,27.56,2016-09-08 12:34:50
167,27.63,2016-09-08 12:34:51
168,27.56,2016-09-08 12:34:52
169,27.63,2016-09-08 12:34:53
170,27.56,2016-09-08 12:34:54
171,27.56,2016-09-08 12:34:55
172,27.63,2016-09-08 12:34:56
173,27.56,2016-09-08 12:34:57
174,27.63,2016-09-08 12:34:58
175,27.63,2016-09-08 12:34:59
176,27.56,2016-09-08 12:35:00
177,27.56,2016-09-08 12:35:01
178,27.63,2016-09-08 12:35:02
179,27.56,2016-09-08 12:35:03
180,27.56,2016-09-08 12:35:04
181,27.56,2016-09-08 12:35:05
182,27.50,2016-09-08 12:35:06
183,27.50,2016-09-08 12:35:07
184,27.44,2016-09-08 12:35:08
185,27.44,2016-09-08 12:35:09
186,27.44,2016-09-08 12:35:10
187,27.31,2016-09-08 12:35:11
188,27.25,2016-09-08 12:35:12
189,27.31,2016-09-08 12:35:13
190,27.25,2016-09-08 12:35:14
191,27.25,2016-09-08 12:35:15
192,27.25,2016-09-08 12:35:16
193,27.25,2016-09-08 12:35:17
194,27.25,2016-09-08 12:35:18
195,27.25,2016-09-08 12:35:19
196,27.25,2016-09-08 12:35:20
197,27.25,2016-09-08 12:35:21
198,27.25,2016-09-08 12:35:22
199,27.25,2016-09-08 12:35:23
200,27.25,2016-09-08 12:35:24
201,27.25,2016-09-08 12:35:25
202,27.25,2016-09-08 12:35:26
203,27.25,2016-09-08 12:35:27
204,27.25,2016-09-08 12:35:28
205,27.25,2016-09-08 12:35:29
206,27.25,2016-09-08 12:35:30
207,27.25,2016-09-08 12:35:31
208,27.25,2016-09-08 12:35:32
209,27.25,2016-09-08 12:35:33
210,27.25,2016-09-08 12:35:34
211,27.25,2016-09-08 12:35:35
212,27.25,2016-09-08 12:35:36
213,27.25,2016-09-08 12:35:37
214,27.25,2016-09-08 12:35:38
215,27.25,2016-09-08 12:35:39
216,27.25,2016-09-08 12:35:40
217,27.25,2016-09-08 12:35:41
218,27.25,2016-09-08 12:35:42
219,27.25,2016-09-08 12:35:43
220,27.25,2016-09-08 12:35:44
221,27.25,2016-09-08 12:35:45
222,27.25,2016-09-08 12:35:46
223,27.25,2016-09-08 12:35:47
224,27.25,2016-09-08 12:35:48
225,27.25,2016-09-08 12:35:49
226,27.25,2016-09-08 12:35:50
227,27.25,2016-09-08 12:35:51
228,27.25,2016-09-08 12:35:52
229,27.25,2016-09-08 12:35:53
230,27.25,2016-09-08 12:35:54
231,27.25,2016-09-08 12:35:55
232,27.25,2016-09-08 12:35:56
233,27.25,2016-09-08 12:35:57
234,27.25,2016-09-08 12:35:58
235,27.25,2016-09-08 12:35:59
236,27.25,2016-09-08 12:36:00
237,27.25,2016-09-08 12:36:01
238,27.25,2016-09-08 12:36:02
239,27.25,2016-09-08 12:36:03
240,27.25,2016-09-08 12:36:04
241,27.31,2016-09-08 12:36:05
242,27.25,2016-09-08 12:36:06
243,27.25,2016-09-08 12:36:07
244,27.25,2016-09-08 12:36:08
245,27.25,2016-09-08 12:36:09
246,27.31,2016-09-08 12:36:10
247,27.31,2016-09-08 12:36:11
248,27.31,2016-09-08 12:36:12
249,27.25,2016-09-08 12:36:13
250,27.25,2016-09-08 12:36:14
251,27.25,2016-09-08 12:36:15
252,27.31,2016-09-08 12:36:16
253,27.25,2016-09-08 12:36:17
254,27.25,2016-09-08 12:36:18
255,27.25,2016-09-08 12:36:19
256,27.31,2016-09-08 12:36:20
257,27.25,2016-09-08 12:36:21
258,27.25,2016-09-08 12:36:22
259,27.31,2016-09-08 12:36:23
260,27.25,2016-09-08 12:36:24
261,27.25,2016-09-08 12:36:25
262,27.31,2016-09-08 12:36:26
263,27.25,2016-09-08 12:36:27
264,27.31,2016-09-08 12:36:28
265,27.25,2016-09-08 12:36:29
266,27.25,2016-09-08 12:36:30
267,27.25,2016-09-08 12:36:31
268,27.25,2016-09-08 12:36:32
269,27.25,2016-09-08 12:36:33
270,27.25,2016-09-08 12:36:34
271,27.31,2016-09-08 12:36:35
272,27.25,2016-09-08 12:36:36
273,27.25,2016-09-08 12:36:37
274,27.25,2016-09-08 12:36:38
275,27.25,2016-09-08 12:36:39
276,27.25,2016-09-08 12:36:40
277,27.25,2016-09-08 12:36:41
278,27.25,2016-09-08 12:36:42
279,27.25,2016-09-08 12:36:43
280,27.25,2016-09-08 12:36:44
281,27.25,2016-09-08 12:36:45
282,27.25,2016-09-08 12:36:46
283,27.25,2016-09-08 12:36:47
284,27.25,2016-09-08 12:36:48
285,27.25,2016-09-08 12:36:49
286,27.25,2016-09-08 12:36:50
287,27.31,2016-09-08 12:36:51
288,27.25,2016-09-08 12:36:52
289,27.25,2016-09-08 12:36:53
290,27.25,2016-09-08 12:36:54
291,27.25,2016-09-08 12:36:55
292,27.25,2016-09-08 12:36:56
293,27.25,2016-09-08 12:36:57
294,27.25,2016-09-08 12:36:58
295,27.25,2016-09-08 12:36:59
296,27.25,2016-09-08 12:37:00
297,27.25,2016-09-08 12:37:01
298,27.25,2016-09-08 12:37:02
299,27.25,2016-09-08 12:37:03
300,27.25,2016-09-08 12:37:04
301,27.31,2016-09-08 12:37:05
302,27.25,2016-09-08 12:37:06
303,27.25,2016-09-08 12:37:07
304,27.25,2016-09-08 12:37:08
305,27.31,2016-09-08 12:37:09
306,27.25,2016-09-08 12:37:10
307,27.25,2016-09-08 12:37:11
308,27.25,2016-09-08 12:37:12
309,27.31,2016-09-08 12:37:13
310,27.25,2016-09-08 12:37:14
311,27.25,2016-09-08 12:37:15
312,27.31,2016-09-08 12:37:16
313,27.25,2016-09-08 12:37:17
314,27.25,2016-09-08 12:37:18
315,27.25,2016-09-08 12:37:19
316,27.25,2016-09-08 12:37:20
317,27.25,2016-09-08 12:37:21
318,27.25,2016-09-08 12:37:22
319,27.25,2016-09-08 12:37:23
320,27.31,2016-09-08 12:37:24
321,27.25,2016-09-08 12:37:25
322,27.25,2016-09-08 12:37:26
323,27.25,2016-09-08 12:37:27
324,27.25,2016-09-08 12:37:28
325,27.25,2016-09-08 12:37:29
326,27.25,2016-09-08 12:37:30
327,27.25,2016-09-08 12:37:31
328,27.31,2016-09-08 12:37:32
329,27.25,2016-09-08 12:37:33
330,27.25,2016-09-08 12:37:34
331,27.25,2016-09-08 12:37:35
332,27.25,2016-09-08 12:37:36
333,27.25,2016-09-08 12:37:37
334,27.25,2016-09-08 12:37:38
335,27.25,2016-09-08 12:37:39
336,27.25,2016-09-08 12:37:40
337,27.31,2016-09-08 12:37:41
338,27.25,2016-09-08 12:37:42
339,27.31,2016-09-08 12:37:43
340,27.31,2016-09-08 12:37:44
341,27.25,2016-09-08 12:37:45
342,27.31,2016-09-08 12:37:46
343,27.25,2016-09-08 12:37:47
344,27.25,2016-09-08 12:37:48
345,27.31,2016-09-08 12:37:49
346,27.25,2016-09-08 12:37:50
347,27.25,2016-09-08 12:37:51
348,27.25,2016-09-08 12:37:52
349,27.25,2016-09-08 12:37:53
350,27.25,2016-09-08 12:37:54
351,27.31,2016-09-08 12:37:55
352,27.25,2016-09-08 12:37:56
353,27.25,2016-09-08 12:37:57
354,27.25,2016-09-08 12:37:58
355,27.25,2016-09-08 12:37:59
356,27.25,2016-09-08 12:38:00
357,27.31,2016-09-08 12:38:01
358,27.25,2016-09-08 12:38:02
359,27.25,2016-09-08 12:38:03
360,27.25,2016-09-08 12:38:04
361,27.31,2016-09-08 12:38:05
362,27.25,2016-09-08 12:38:06
363,27.25,2016-09-08 12:38:07
364,27.25,2016-09-08 12:38:08
365,27.25,2016-09-08 12:38:09
366,27.25,2016-09-08 12:38:10
367,27.31,2016-09-08 12:38:11
368,27.25,2016-09-08 12:38:12
369,27.38,2016-09-08 12:38:13
370,27.25,2016-09-08 12:38:14
371,27.31,2016-09-08 12:38:15
372,27.25,2016-09-08 12:38:16
373,27.25,2016-09-08 12:38:17
374,27.25,2016-09-08 12:38:18
375,27.25,2016-09-08 12:38:19
376,27.25,2016-09-08 12:38:20
377,27.25,2016-09-08 12:38:21
378,27.25,2016-09-08 12:38:22
379,27.25,2016-09-08 12:38:23
380,27.25,2016-09-08 12:38:24
381,27.25,2016-09-08 12:38:25
382,27.25,2016-09-08 12:38:26
383,27.25,2016-09-08 12:38:27
384,27.25,2016-09-08 12:38:28
385,27.25,2016-09-08 12:38:29
386,27.25,2016-09-08 12:38:30
387,27.25,2016-09-08 12:38:31
388,27.25,2016-09-08 12:38:32
389,27.25,2016-09-08 12:38:33
390,27.31,2016-09-08 12:38:34
391,27.25,2016-09-08 12:38:35
392,27.25,2016-09-08 12:38:36
393,27.25,2016-09-08 12:38:37
394,27.25,2016-09-08 12:38:38
395,27.25,2016-09-08 12:38:39
396,27.25,2016-09-08 12:38:40
397,27.25,2016-09-08 12:38:41
398,27.25,2016-09-08 12:38:42
399,27.25,2016-09-08 12:38:43
400,27.25,2016-09-08 12:38:44
401,27.25,2016-09-08 12:38:45
402,27.31,2016-09-08 12:38:46
403,27.25,2016-09-08 12:38:47
404,27.25,2016-09-08 12:38:48
405,27.25,2016-09-08 12:38:49
406,27.25,2016-09-08 12:38:50
407,27.31,2016-09-08 12:38:51
408,27.31,2016-09-08 12:38:52
409,27.25,2016-09-08 12:38:53
410,27.25,2016-09-08 12:38:54
411,27.25,2016-09-08 12:38:55
412,27.31,2016-09-08 12:38:56
413,27.69,2016-09-08 12:38:57
414,28.13,2016-09-08 12:38:58
415,28.38,2016-09-08 12:38:59
416,28.81,2016-09-08 12:39:00
417,29.19,2016-09-08 12:39:01
418,29.44,2016-09-08 12:39:02
419,29.69,2016-09-08 12:39:03
420,29.75,2016-09-08 12:39:04
421,29.75,2016-09-08 12:39:05
422,30.69,2016-09-08 12:39:06
423,30.94,2016-09-08 12:39:07
424,31.25,2016-09-08 12:39:08
425,31.44,2016-09-08 12:39:09
426,31.94,2016-09-08 12:39:10
427,32.13,2016-09-08 12:39:11
428,32.38,2016-09-08 12:39:12
429,32.63,2016-09-08 12:39:13
430,32.63,2016-09-08 12:39:14
431,33.13,2016-09-08 12:39:15
432,33.19,2016-09-08 12:39:16
433,33.06,2016-09-08 12:39:17
434,33.06,2016-09-08 12:39:18
435,33.13,2016-09-08 12:39:19
436,33.13,2016-09-08 12:39:20
437,32.94,2016-09-08 12:39:21
438,32.63,2016-09-08 12:39:22
439,32.63,2016-09-08 12:39:23
440,32.63,2016-09-08 12:39:24
441,32.63,2016-09-08 12:39:25
442,32.63,2016-09-08 12:39:26
443,32.63,2016-09-08 12:39:27
444,32.56,2016-09-08 12:39:28
445,32.50,2016-09-08 12:39:29
446,32.44,2016-09-08 12:39:30
447,32.44,2016-09-08 12:39:31
448,32.38,2016-09-08 12:39:32
449,32.38,2016-09-08 12:39:33
450,32.31,2016-09-08 12:39:34
451,32.31,2016-09-08 12:39:35
452,32.31,2016-09-08 12:39:36
453,32.31,2016-09-08 12:39:37
454,32.25,2016-09-08 12:39:38
455,32.25,2016-09-08 12:39:39
456,32.25,2016-09-08 12:39:40
457,32.25,2016-09-08 12:39:41
458,32.25,2016-09-08 12:39:42
459,32.25,2016-09-08 12:39:43
460,32.19,2016-09-08 12:39:44
461,32.19,2016-09-08 12:39:45
462,32.19,2016-09-08 12:39:46
463,32.19,2016-09-08 12:39:47
464,32.19,2016-09-08 12:39:48
465,32.13,2016-09-08 12:39:49
466,32.19,2016-09-08 12:39:50
467,32.13,2016-09-08 12:39:51
468,32.13,2016-09-08 12:39:52
469,32.06,2016-09-08 12:39:53
470,32.13,2016-09-08 12:39:54
471,32.06,2016-09-08 12:39:55
472,32.06,2016-09-08 12:39:56
473,32.06,2016-09-08 12:39:57
474,32.06,2016-09-08 12:39:58
475,32.06,2016-09-08 12:39:59
476,32.06,2016-09-08 12:40:00
477,32.06,2016-09-08 12:40:01
478,32.06,2016-09-08 12:40:02
479,32.06,2016-09-08 12:40:03
480,32.06,2016-09-08 12:40:04
481,32.13,2016-09-08 12:40:05
482,32.19,2016-09-08 12:40:06
483,32.13,2016-09-08 12:40:07
484,32.13,2016-09-08 12:40:08
485,32.13,2016-09-08 12:40:09
486,32.13,2016-09-08 12:40:10
487,32.13,2016-09-08 12:40:11
488,32.13,2016-09-08 12:40:12
489,32.13,2016-09-08 12:40:13
490,32.13,2016-09-08 12:40:14
491,32.19,2016-09-08 12:40:15
492,32.19,2016-09-08 12:40:16
493,32.13,2016-09-08 12:40:17
494,32.19,2016-09-08 12:40:18
495,32.13,2016-09-08 12:40:19
496,32.13,2016-09-08 12:40:20
497,32.13,2016-09-08 12:40:21
498,32.13,2016-09-08 12:40:22
499,32.13,2016-09-08 12:40:23
500,32.19,2016-09-08 12:40:24
501,32.19,2016-09-08 12:40:25
502,32.13,2016-09-08 12:40:26
503,32.19,2016-09-08 12:40:27
504,32.13,2016-09-08 12:40:28
505,32.06,2016-09-08 12:40:29
506,32.06,2016-09-08 12:40:30
507,32.06,2016-09-08 12:40:31
508,32.06,2016-09-08 12:40:32
509,32.06,2016-09-08 12:40:33
510,32.06,2016-09-08 12:40:34
511,32.06,2016-09-08 12:40:35
512,32.06,2016-09-08 12:40:36
513,32.06,2016-09-08 12:40:37
514,32.06,2016-09-08 12:40:38
515,32.06,2016-09-08 12:40:39
516,32.06,2016-09-08 12:40:40
517,32.06,2016-09-08 12:40:41
518,32.06,2016-09-08 12:40:42
519,32.06,2016-09-08 12:40:43
520,32.06,2016-09-08 12:40:44
521,32.06,2016-09-08 12:40:45
522,32.06,2016-09-08 12:40:46
523,32.06,2016-09-08 12:40:47
524,32.06,2016-09-08 12:40:48
525,32.06,2016-09-08 12:40:49
526,32.06,2016-09-08 12:40:50
527,32.06,2016-09-08 12:40:51
528,32.06,2016-09-08 12:40:52
529,32.06,2016-09-08 12:40:53
530,32.13,2016-09-08 12:40:54
531,32.31,2016-09-08 12:40:55
532,32.31,2016-09-08 12:40:56
533,32.38,2016-09-08 12:40:57
534,32.38,2016-09-08 12:40:58
535,32.44,2016-09-08 12:40:59
536,32.50,2016-09-08 12:41:00
537,32.44,2016-09-08 12:41:01
538,32.56,2016-09-08 12:41:02
539,32.63,2016-09-08 12:41:03
540,32.63,2016-09-08 12:41:04
541,32.63,2016-09-08 12:41:05
542,32.63,2016-09-08 12:41:06
543,33.19,2016-09-08 12:41:07
544,33.13,2016-09-08 12:41:08
545,33.00,2016-09-08 12:41:09
546,32.88,2016-09-08 12:41:10
547,32.88,2016-09-08 12:41:11
548,33.06,2016-09-08 12:41:12
549,33.25,2016-09-08 12:41:13
550,33.31,2016-09-08 12:41:14
551,33.06,2016-09-08 12:41:15
552,32.94,2016-09-08 12:41:16
553,32.88,2016-09-08 12:41:17
554,33.13,2016-09-08 12:41:18
555,33.25,2016-09-08 12:41:19
556,32.63,2016-09-08 12:41:20
557,32.63,2016-09-08 12:41:21
558,32.63,2016-09-08 12:41:22
559,32.63,2016-09-08 12:41:23
560,32.63,2016-09-08 12:41:24
561,32.56,2016-09-08 12:41:25
562,32.50,2016-09-08 12:41:26
563,32.44,2016-09-08 12:41:27
564,32.44,2016-09-08 12:41:28
565,32.38,2016-09-08 12:41:29
566,32.38,2016-09-08 12:41:30
567,32.31,2016-09-08 12:41:31
568,32.25,2016-09-08 12:41:32
569,32.25,2016-09-08 12:41:33
570,32.19,2016-09-08 12:41:34
571,32.19,2016-09-08 12:41:35
572,32.19,2016-09-08 12:41:36
573,32.06,2016-09-08 12:41:37
574,32.06,2016-09-08 12:41:38
575,32.06,2016-09-08 12:41:39
576,32.06,2016-09-08 12:41:40
577,32.00,2016-09-08 12:41:41
578,32.06,2016-09-08 12:41:42
579,32.00,2016-09-08 12:41:43
580,31.88,2016-09-08 12:41:44
581,31.88,2016-09-08 12:41:45
582,31.88,2016-09-08 12:41:46
583,32.06,2016-09-08 12:41:47
584,32.00,2016-09-08 12:41:48
585,32.00,2016-09-08 12:41:49
586,32.06,2016-09-08 12:41:50
587,31.88,2016-09-08 12:41:51
588,31.81,2016-09-08 12:41:52
589,31.69,2016-09-08 12:41:53
590,31.69,2016-09-08 12:41:54
591,31.63,2016-09-08 12:41:55
592,31.63,2016-09-08 12:41:56
593,31.63,2016-09-08 12:41:57
594,31.44,2016-09-08 12:41:58
595,31.38,2016-09-08 12:41:59
596,31.38,2016-09-08 12:42:00
597,31.38,2016-09-08 12:42:01
598,31.44,2016-09-08 12:42:02
599,31.56,2016-09-08 12:42:03
600,31.69,2016-09-08 12:42:04
601,31.63,2016-09-08 12:42:05
602,31.44,2016-09-08 12:42:06
603,31.56,2016-09-08 12:42:07
604,31.75,2016-09-08 12:42:08
605,31.44,2016-09-08 12:42:09
606,31.38,2016-09-08 12:42:10
607,31.38,2016-09-08 12:42:11
608,31.38,2016-09-08 12:42:12
609,31.31,2016-09-08 12:42:13
610,31.31,2016-09-08 12:42:14
611,31.31,2016-09-08 12:42:15
612,31.25,2016-09-08 12:42:16
613,31.25,2016-09-08 12:42:17
614,31.19,2016-09-08 12:42:18
615,31.19,2016-09-08 12:42:19
616,31.19,2016-09-08 12:42:20
617,31.13,2016-09-08 12:42:21
618,31.13,2016-09-08 12:42:22
619,31.13,2016-09-08 12:42:23
620,31.06,2016-09-08 12:42:24
621,31.06,2016-09-08 12:42:25
622,31.06,2016-09-08 12:42:26
623,31.00,2016-09-08 12:42:27
624,31.00,2016-09-08 12:42:28
625,30.88,2016-09-08 12:42:29
626,30.88,2016-09-08 12:42:30
627,30.88,2016-09-08 12:42:31
628,30.88,2016-09-08 12:42:32
629,30.94,2016-09-08 12:42:33
630,31.00,2016-09-08 12:42:34
631,31.00,2016-09-08 12:42:35
632,30.94,2016-09-08 12:42:36
633,31.06,2016-09-08 12:42:37
634,31.06,2016-09-08 12:42:38
635,31.06,2016-09-08 12:42:39
636,31.06,2016-09-08 12:42:40
637,30.94,2016-09-08 12:42:41
638,30.94,2016-09-08 12:42:42
639,30.81,2016-09-08 12:42:43
640,30.75,2016-09-08 12:42:44
641,30.75,2016-09-08 12:42:45
642,30.69,2016-09-08 12:42:46
643,30.69,2016-09-08 12:42:47
644,30.69,2016-09-08 12:42:48
645,30.63,2016-09-08 12:42:49
646,30.69,2016-09-08 12:42:50
647,30.63,2016-09-08 12:42:51
648,30.63,2016-09-08 12:42:52
649,30.69,2016-09-08 12:42:53
650,30.63,2016-09-08 12:42:54
651,30.63,2016-09-08 12:42:55
652,30.63,2016-09-08 12:42:56
653,30.69,2016-09-08 12:42:57
654,30.75,2016-09-08 12:42:58
655,30.69,2016-09-08 12:42:59
656,30.75,2016-09-08 12:43:00
657,30.63,2016-09-08 12:43:01
658,30.56,2016-09-08 12:43:02
659,30.50,2016-09-08 12:43:03
660,30.44,2016-09-08 12:43:04
661,30.44,2016-09-08 12:43:05
662,30.38,2016-09-08 12:43:06
663,30.38,2016-09-08 12:43:07
664,30.31,2016-09-08 12:43:08
665,30.38,2016-09-08 12:43:09
666,30.38,2016-09-08 12:43:10
667,30.50,2016-09-08 12:43:11
668,30.44,2016-09-08 12:43:12
669,30.44,2016-09-08 12:43:13
670,30.31,2016-09-08 12:43:14
671,30.31,2016-09-08 12:43:15
672,30.19,2016-09-08 12:43:16
673,30.13,2016-09-08 12:43:17
674,30.06,2016-09-08 12:43:18
675,29.88,2016-09-08 12:43:19
676,29.75,2016-09-08 12:43:20
677,29.69,2016-09-08 12:43:21
678,29.75,2016-09-08 12:43:22
679,29.69,2016-09-08 12:43:23
680,29.69,2016-09-08 12:43:24
681,29.69,2016-09-08 12:43:25
682,29.69,2016-09-08 12:43:26
683,29.69,2016-09-08 12:43:27
684,29.75,2016-09-08 12:43:28
685,29.75,2016-09-08 12:43:29
686,29.75,2016-09-08 12:43:30
687,29.75,2016-09-08 12:43:31
688,29.75,2016-09-08 12:43:32
689,29.75,2016-09-08 12:43:33
690,29.75,2016-09-08 12:43:34
691,29.75,2016-09-08 12:43:35
692,29.75,2016-09-08 12:43:36
693,29.69,2016-09-08 12:43:37
694,29.75,2016-09-08 12:43:38
695,29.75,2016-09-08 12:43:39
696,29.75,2016-09-08 12:43:40
697,29.75,2016-09-08 12:43:41
698,29.75,2016-09-08 12:43:42
699,29.75,2016-09-08 12:43:43
700,29.81,2016-09-08 12:43:44
701,29.94,2016-09-08 12:43:45
702,29.81,2016-09-08 12:43:46
703,30.00,2016-09-08 12:43:47
704,30.13,2016-09-08 12:43:48
705,29.94,2016-09-08 12:43:49
706,29.94,2016-09-08 12:43:50
707,29.81,2016-09-08 12:43:51
708,29.81,2016-09-08 12:43:52
709,29.75,2016-09-08 12:43:53
710,29.75,2016-09-08 12:43:54
711,29.75,2016-09-08 12:43:55
712,29.75,2016-09-08 12:43:56
713,29.75,2016-09-08 12:43:57
714,29.75,2016-09-08 12:43:58
715,29.81,2016-09-08 12:43:59
716,29.88,2016-09-08 12:44:00
717,29.81,2016-09-08 12:44:01
718,29.75,2016-09-08 12:44:02
719,29.88,2016-09-08 12:44:03
720,29.88,2016-09-08 12:44:04
721,29.88,2016-09-08 12:44:05
722,29.88,2016-09-08 12:44:06
723,29.81,2016-09-08 12:44:07
724,29.81,2016-09-08 12:44:08
725,29.88,2016-09-08 12:44:09
726,30.13,2016-09-08 12:44:10
727,29.81,2016-09-08 12:44:11
728,29.75,2016-09-08 12:44:12
729,29.75,2016-09-08 12:44:13
730,29.75,2016-09-08 12:44:14
731,29.75,2016-09-08 12:44:15
732,29.75,2016-09-08 12:44:16
733,29.75,2016-09-08 12:44:17
734,29.75,2016-09-08 12:44:18
735,29.75,2016-09-08 12:44:19
736,29.75,2016-09-08 12:44:20
737,29.75,2016-09-08 12:44:21
738,29.75,2016-09-08 12:44:22
739,29.75,2016-09-08 12:44:23
740,29.75,2016-09-08 12:44:24
741,29.75,2016-09-08 12:44:25
742,29.75,2016-09-08 12:44:26
743,29.75,2016-09-08 12:44:27
744,29.75,2016-09-08 12:44:28
745,29.75,2016-09-08 12:44:29
746,29.75,2016-09-08 12:44:30
747,29.75,2016-09-08 12:44:31
748,29.75,2016-09-08 12:44:32
749,29.75,2016-09-08 12:44:33
750,29.75,2016-09-08 12:44:34
751,29.75,2016-09-08 12:44:35
752,29.75,2016-09-08 12:44:36
753,29.75,2016-09-08 12:44:37
754,29.75,2016-09-08 12:44:38
755,29.75,2016-09-08 12:44:39
756,29.75,2016-09-08 12:44:40
757,29.69,2016-09-08 12:44:41
758,29.69,2016-09-08 12:44:42
759,29.69,2016-09-08 12:44:43
760,29.63,2016-09-08 12:44:44
761,29.63,2016-09-08 12:44:45
762,29.63,2016-09-08 12:44:46
763,29.63,2016-09-08 12:44:47
764,29.63,2016-09-08 12:44:48
765,29.63,2016-09-08 12:44:49
766,29.56,2016-09-08 12:44:50
767,29.56,2016-09-08 12:44:51
768,29.56,2016-09-08 12:44:52
769,29.56,2016-09-08 12:44:53
770,29.56,2016-09-08 12:44:54
771,29.56,2016-09-08 12:44:55
772,29.56,2016-09-08 12:44:56
773,29.50,2016-09-08 12:44:57
774,29.50,2016-09-08 12:44:58
775,29.50,2016-09-08 12:44:59
776,29.50,2016-09-08 12:45:00
777,29.50,2016-09-08 12:45:01
778,29.50,2016-09-08 12:45:02
779,29.50,2016-09-08 12:45:03
780,29.50,2016-09-08 12:45:04
781,29.44,2016-09-08 12:45:05
782,29.44,2016-09-08 12:45:06
783,29.44,2016-09-08 12:45:07
784,29.44,2016-09-08 12:45:08
785,29.44,2016-09-08 12:45:09
786,29.38,2016-09-08 12:45:10
787,29.44,2016-09-08 12:45:11
788,29.38,2016-09-08 12:45:12
789,29.38,2016-09-08 12:45:13
790,29.38,2016-09-08 12:45:14
791,29.38,2016-09-08 12:45:15
792,29.38,2016-09-08 12:45:16
793,29.38,2016-09-08 12:45:17
794,29.38,2016-09-08 12:45:18
795,29.31,2016-09-08 12:45:19
796,29.31,2016-09-08 12:45:20
797,29.31,2016-09-08 12:45:21
798,29.38,2016-09-08 12:45:22
799,29.31,2016-09-08 12:45:23
800,29.31,2016-09-08 12:45:24
801,29.31,2016-09-08 12:45:25
802,29.31,2016-09-08 12:45:26
803,29.25,2016-09-08 12:45:27
804,29.31,2016-09-08 12:45:28
805,29.25,2016-09-08 12:45:29
806,29.31,2016-09-08 12:45:30
807,29.31,2016-09-08 12:45:31
808,29.25,2016-09-08 12:45:32
809,29.25,2016-09-08 12:45:33
810,29.25,2016-09-08 12:45:34
811,29.25,2016-09-08 12:45:35
812,29.25,2016-09-08 12:45:36
813,29.25,2016-09-08 12:45:37
814,29.25,2016-09-08 12:45:38
815,29.25,2016-09-08 12:45:39
816,29.25,2016-09-08 12:45:40
817,29.19,2016-09-08 12:45:41
818,29.25,2016-09-08 12:45:42
819,29.19,2016-09-08 12:45:43
820,29.19,2016-09-08 12:45:44
821,29.19,2016-09-08 12:45:45
822,29.19,2016-09-08 12:45:46
823,29.19,2016-09-08 12:45:47
824,29.19,2016-09-08 12:45:48
825,29.19,2016-09-08 12:45:49
826,29.19,2016-09-08 12:45:50
827,29.19,2016-09-08 12:45:51
828,29.19,2016-09-08 12:45:52
829,29.19,2016-09-08 12:45:53
830,29.19,2016-09-08 12:45:54
831,29.13,2016-09-08 12:45:55
832,29.19,2016-09-08 12:45:56
833,29.13,2016-09-08 12:45:57
834,29.13,2016-09-08 12:45:58
835,29.19,2016-09-08 12:45:59
836,29.13,2016-09-08 12:46:00
837,29.13,2016-09-08 12:46:01
838,29.13,2016-09-08 12:46:02
839,29.13,2016-09-08 12:46:03
840,29.13,2016-09-08 12:46:04
841,29.13,2016-09-08 12:46:05
842,29.13,2016-09-08 12:46:06
843,29.13,2016-09-08 12:46:07
844,29.13,2016-09-08 12:46:08
845,29.13,2016-09-08 12:46:09
846,29.13,2016-09-08 12:46:10
847,29.06,2016-09-08 12:46:11
848,29.06,2016-09-08 12:46:12
849,29.06,2016-09-08 12:46:13
850,29.06,2016-09-08 12:46:14
851,29.06,2016-09-08 12:46:15
852,29.13,2016-09-08 12:46:16
853,29.13,2016-09-08 12:46:17
854,29.06,2016-09-08 12:46:18
855,29.06,2016-09-08 12:46:19
856,29.13,2016-09-08 12:46:20
857,29.06,2016-09-08 12:46:21
858,29.06,2016-09-08 12:46:22
859,29.06,2016-09-08 12:46:23
860,29.06,2016-09-08 12:46:24
861,29.00,2016-09-08 12:46:25
862,29.00,2016-09-08 12:46:26
863,29.00,2016-09-08 12:46:27
864,29.00,2016-09-08 12:46:28
865,29.00,2016-09-08 12:46:29
866,29.00,2016-09-08 12:46:30
867,29.00,2016-09-08 12:46:31
868,29.00,2016-09-08 12:46:32
869,29.00,2016-09-08 12:46:33
870,29.00,2016-09-08 12:46:34
871,29.00,2016-09-08 12:46:35
872,29.00,2016-09-08 12:46:36
873,29.00,2016-09-08 12:46:37
874,29.00,2016-09-08 12:46:38
875,29.06,2016-09-08 12:46:39
876,29.00,2016-09-08 12:46:40
877,29.00,2016-09-08 12:46:41
878,29.06,2016-09-08 12:46:42
879,29.00,2016-09-08 12:46:43
880,29.00,2016-09-08 12:46:44
881,29.00,2016-09-08 12:46:45
882,28.94,2016-09-08 12:46:46
883,28.94,2016-09-08 12:46:47
884,28.94,2016-09-08 12:46:48
885,28.94,2016-09-08 12:46:49
886,28.94,2016-09-08 12:46:50
887,28.94,2016-09-08 12:46:51
888,29.00,2016-09-08 12:46:52
889,28.94,2016-09-08 12:46:53
890,28.94,2016-09-08 12:46:54
891,28.94,2016-09-08 12:46:55
892,28.94,2016-09-08 12:46:56
893,28.94,2016-09-08 12:46:57
894,28.94,2016-09-08 12:46:58
895,28.88,2016-09-08 12:46:59
896,28.88,2016-09-08 12:47:00
897,28.88,2016-09-08 12:47:01
898,28.88,2016-09-08 12:47:02
899,28.88,2016-09-08 12:47:03
900,28.88,2016-09-08 12:47:04
901,28.88,2016-09-08 12:47:05
902,28.88,2016-09-08 12:47:06
903,28.88,2016-09-08 12:47:07
904,28.88,2016-09-08 12:47:08
905,28.88,2016-09-08 12:47:09
906,28.88,2016-09-08 12:47:10
907,28.88,2016-09-08 12:47:11
908,28.88,2016-09-08 12:47:12
909,28.88,2016-09-08 12:47:13
910,28.88,2016-09-08 12:47:14
911,28.88,2016-09-08 12:47:15
912,28.88,2016-09-08 12:47:16
913,28.88,2016-09-08 12:47:17
914,28.88,2016-09-08 12:47:18
915,28.88,2016-09-08 12:47:19
916,28.88,2016-09-08 12:47:20
917,28.88,2016-09-08 12:47:21
918,28.88,2016-09-08 12:47:22
919,28.88,2016-09-08 12:47:23
920,28.88,2016-09-08 12:47:24
921,28.88,2016-09-08 12:47:25
922,28.88,2016-09-08 12:47:26
923,28.88,2016-09-08 12:47:27
924,28.81,2016-09-08 12:47:28
925,28.81,2016-09-08 12:47:29
926,28.81,2016-09-08 12:47:30
927,28.88,2016-09-08 12:47:31
928,28.88,2016-09-08 12:47:32
929,28.81,2016-09-08 12:47:33
930,28.81,2016-09-08 12:47:34
931,28.88,2016-09-08 12:47:35
932,28.88,2016-09-08 12:47:36
933,28.81,2016-09-08 12:47:37
934,28.81,2016-09-08 12:47:38
935,28.81,2016-09-08 12:47:39
936,28.81,2016-09-08 12:47:40
937,28.94,2016-09-08 12:47:41
938,28.88,2016-09-08 12:47:42
939,28.81,2016-09-08 12:47:43
940,28.88,2016-09-08 12:47:44
941,28.88,2016-09-08 12:47:45
942,28.81,2016-09-08 12:47:46
943,28.81,2016-09-08 12:47:47
944,28.81,2016-09-08 12:47:48
945,28.81,2016-09-08 12:47:49
946,28.81,2016-09-08 12:47:50
947,28.81,2016-09-08 12:47:51
948,28.81,2016-09-08 12:47:52
949,28.75,2016-09-08 12:47:53
950,28.81,2016-09-08 12:47:54
951,28.81,2016-09-08 12:47:55
952,28.75,2016-09-08 12:47:56
953,28.75,2016-09-08 12:47:57
954,28.75,2016-09-08 12:47:58
955,28.75,2016-09-08 12:47:59
956,28.75,2016-09-08 12:48:00
957,28.69,2016-09-08 12:48:01
958,28.75,2016-09-08 12:48:02
959,28.69,2016-09-08 12:48:03
960,28.69,2016-09-08 12:48:04
961,28.69,2016-09-08 12:48:05
962,28.69,2016-09-08 12:48:06
963,28.69,2016-09-08 12:48:07
964,28.69,2016-09-08 12:48:08
965,28.69,2016-09-08 12:48:09
966,28.63,2016-09-08 12:48:10
967,28.69,2016-09-08 12:48:11
968,28.69,2016-09-08 12:48:12
969,28.63,2016-09-08 12:48:13
970,28.63,2016-09-08 12:48:14
971,28.63,2016-09-08 12:48:15
972,28.63,2016-09-08 12:48:16
973,28.63,2016-09-08 12:48:17
974,28.63,2016-09-08 12:48:18
975,28.63,2016-09-08 12:48:19
976,28.63,2016-09-08 12:48:20
977,28.63,2016-09-08 12:48:21
978,28.63,2016-09-08 12:48:22
979,28.63,2016-09-08 12:48:23
980,28.63,2016-09-08 12:48:24
981,28.63,2016-09-08 12:48:25
982,28.63,2016-09-08 12:48:26
983,28.63,2016-09-08 12:48:27
984,28.63,2016-09-08 12:48:28
985,28.63,2016-09-08 12:48:29
986,28.63,2016-09-08 12:48:30
987,28.63,2016-09-08 12:48:31
988,28.63,2016-09-08 12:48:32
989,28.63,2016-09-08 12:48:33
990,28.63,2016-09-08 12:48:34
991,28.63,2016-09-08 12:48:35
992,28.63,2016-09-08 12:48:36
993,28.63,2016-09-08 12:48:37
994,28.63,2016-09-08 12:48:38
995,28.63,2016-09-08 12:48:39
996,28.63,2016-09-08 12:48:40
997,28.63,2016-09-08 12:48:41
998,28.63,2016-09-08 12:48:42
999,28.63,2016-09-08 12:48:43
1000,28.63,2016-09-08 12:48:44
1001,28.63,2016-09-08 12:48:45
1002,28.63,2016-09-08 12:48:46
1003,28.63,2016-09-08 12:48:47
1004,28.63,2016-09-08 12:48:48
1005,28.63,2016-09-08 12:48:49
1006,28.63,2016-09-08 12:48:50
1007,28.63,2016-09-08 12:48:51
1008,28.63,2016-09-08 12:48:52
1009,28.63,2016-09-08 12:48:53
1010,28.63,2016-09-08 12:48:54
1011,28.63,2016-09-08 12:48:55
1012,28.63,2016-09-08 12:48:56
1013,28.63,2016-09-08 12:48:57
1014,28.69,2016-09-08 12:48:58
1015,28.63,2016-09-08 12:48:59
1016,28.63,2016-09-08 12:49:00
1017,28.63,2016-09-08 12:49:01
1018,28.63,2016-09-08 12:49:02
1019,28.63,2016-09-08 12:49:03
1020,28.63,2016-09-08 12:49:04
1021,28.63,2016-09-08 12:49:05
1022,28.63,2016-09-08 12:49:06
1023,28.63,2016-09-08 12:49:07
1024,28.63,2016-09-08 12:49:08
1025,28.63,2016-09-08 12:49:09
1026,28.69,2016-09-08 12:49:10
1027,28.63,2016-09-08 12:49:11
1028,28.63,2016-09-08 12:49:12
1029,28.63,2016-09-08 12:49:13
1030,28.63,2016-09-08 12:49:14
1031,28.63,2016-09-08 12:49:15
1032,28.63,2016-09-08 12:49:16
1033,28.63,2016-09-08 12:49:17
1034,28.63,2016-09-08 12:49:18
1035,28.63,2016-09-08 12:49:19
1036,28.63,2016-09-08 12:49:20
1037,28.63,2016-09-08 12:49:21
1038,28.63,2016-09-08 12:49:22
1039,28.63,2016-09-08 12:49:23
1040,28.63,2016-09-08 12:49:24
1041,28.63,2016-09-08 12:49:25
1042,28.63,2016-09-08 12:49:26
1043,28.63,2016-09-08 12:49:27
1044,28.63,2016-09-08 12:49:28
1045,28.63,2016-09-08 12:49:29
1046,28.63,2016-09-08 12:49:30
1047,28.63,2016-09-08 12:49:31
1048,28.69,2016-09-08 12:49:32
1049,28.63,2016-09-08 12:49:33
1050,28.63,2016-09-08 12:49:34
1051,28.63,2016-09-08 12:49:35
1052,28.69,2016-09-08 12:49:36
1053,28.63,2016-09-08 12:49:37
1054,28.63,2016-09-08 12:49:38
1055,28.63,2016-09-08 12:49:39
1056,28.63,2016-09-08 12:49:40
1057,28.63,2016-09-08 12:49:41
1058,28.63,2016-09-08 12:49:42
1059,28.63,2016-09-08 12:49:43
1060,28.63,2016-09-08 12:49:44
1061,28.63,2016-09-08 12:49:45
1062,28.63,2016-09-08 12:49:46
1063,28.75,2016-09-08 12:49:47
1064,28.63,2016-09-08 12:49:48
1065,28.63,2016-09-08 12:49:49
1066,28.63,2016-09-08 12:49:50
1067,28.69,2016-09-08 12:49:51
1068,28.63,2016-09-08 12:49:52
1069,28.63,2016-09-08 12:49:53
1070,28.63,2016-09-08 12:49:54
1071,28.63,2016-09-08 12:49:55
1072,28.63,2016-09-08 12:49:56
1073,28.56,2016-09-08 12:49:57
1074,28.63,2016-09-08 12:49:58
1075,28.63,2016-09-08 12:49:59
1076,28.63,2016-09-08 12:50:00
1077,28.63,2016-09-08 12:50:01
1078,28.56,2016-09-08 12:50:02
1079,28.63,2016-09-08 12:50:03
1080,28.56,2016-09-08 12:50:04
1081,28.56,2016-09-08 12:50:05
1082,28.63,2016-09-08 12:50:06
1083,28.63,2016-09-08 12:50:07
1084,28.56,2016-09-08 12:50:08
1085,28.63,2016-09-08 12:50:09
1086,28.63,2016-09-08 12:50:10
1087,28.56,2016-09-08 12:50:11
1088,28.56,2016-09-08 12:50:12
1089,28.56,2016-09-08 12:50:13
1090,28.56,2016-09-08 12:50:14
1091,28.56,2016-09-08 12:50:15
1092,28.56,2016-09-08 12:50:16
1093,28.56,2016-09-08 12:50:17
1094,28.56,2016-09-08 12:50:18
1095,28.56,2016-09-08 12:50:19
1096,28.63,2016-09-08 12:50:20
1097,28.56,2016-09-08 12:50:21
1098,28.56,2016-09-08 12:50:22
1099,28.56,2016-09-08 12:50:23
1100,28.63,2016-09-08 12:50:24
1101,28.56,2016-09-08 12:50:25
1102,28.63,2016-09-08 12:50:26
1103,28.63,2016-09-08 12:50:27
1104,28.56,2016-09-08 12:50:28
1105,28.56,2016-09-08 12:50:29
1106,28.56,2016-09-08 12:50:30
1107,28.56,2016-09-08 12:50:31
1108,28.56,2016-09-08 12:50:32
1109,28.56,2016-09-08 12:50:33
1110,28.56,2016-09-08 12:50:34
1111,28.56,2016-09-08 12:50:35
1112,28.56,2016-09-08 12:50:36
1113,28.56,2016-09-08 12:50:37
1114,28.56,2016-09-08 12:50:38
1115,28.56,2016-09-08 12:50:39
1116,28.63,2016-09-08 12:50:40
1117,28.56,2016-09-08 12:50:41
1118,28.56,2016-09-08 12:50:42
1119,28.56,2016-09-08 12:50:43
1120,28.56,2016-09-08 12:50:44
1121,28.56,2016-09-08 12:50:45
1122,28.56,2016-09-08 12:50:46
1123,28.56,2016-09-08 12:50:47
1124,28.56,2016-09-08 12:50:48
1125,28.56,2016-09-08 12:50:49
1126,28.56,2016-09-08 12:50:50
1127,28.56,2016-09-08 12:50:51
1128,28.50,2016-09-08 12:50:52
1129,28.56,2016-09-08 12:50:53
1130,28.56,2016-09-08 12:50:54
1131,28.56,2016-09-08 12:50:55
1132,28.56,2016-09-08 12:50:56
1133,28.56,2016-09-08 12:50:57
1134,28.56,2016-09-08 12:50:58
1135,28.56,2016-09-08 12:50:59
1136,28.50,2016-09-08 12:51:00
1137,28.56,2016-09-08 12:51:01
1138,28.56,2016-09-08 12:51:02
1139,28.56,2016-09-08 12:51:03
1140,28.56,2016-09-08 12:51:04
1141,28.50,2016-09-08 12:51:05
1142,28.56,2016-09-08 12:51:06
1143,28.56,2016-09-08 12:51:07
1144,28.56,2016-09-08 12:51:08
1145,28.56,2016-09-08 12:51:09
1146,28.50,2016-09-08 12:51:10
1147,28.56,2016-09-08 12:51:11
1148,28.50,2016-09-08 12:51:12
1149,28.56,2016-09-08 12:51:13
1150,28.50,2016-09-08 12:51:14
1151,28.50,2016-09-08 12:51:15
1152,28.50,2016-09-08 12:51:16
1153,28.50,2016-09-08 12:51:17
1154,28.56,2016-09-08 12:51:18
1155,28.56,2016-09-08 12:51:19
1156,28.56,2016-09-08 12:51:20
1157,28.56,2016-09-08 12:51:21
1158,28.50,2016-09-08 12:51:22
1159,28.50,2016-09-08 12:51:23
1160,28.50,2016-09-08 12:51:24
1161,28.50,2016-09-08 12:51:25
1162,28.56,2016-09-08 12:51:26
1163,28.50,2016-09-08 12:51:27
1164,28.50,2016-09-08 12:51:28
1165,28.56,2016-09-08 12:51:29
1166,28.50,2016-09-08 12:51:30
1167,28.50,2016-09-08 12:51:31
1168,28.56,2016-09-08 12:51:32
1169,28.50,2016-09-08 12:51:33
1170,28.56,2016-09-08 12:51:34
1171,28.56,2016-09-08 12:51:35
1172,28.50,2016-09-08 12:51:36
1173,28.56,2016-09-08 12:51:37
1174,28.50,2016-09-08 12:51:38
1175,28.50,2016-09-08 12:51:39
1176,28.50,2016-09-08 12:51:40
1177,28.56,2016-09-08 12:51:41
1178,28.50,2016-09-08 12:51:42
1179,28.50,2016-09-08 12:51:43
1180,28.50,2016-09-08 12:51:44
1181,28.50,2016-09-08 12:51:45
1182,28.50,2016-09-08 12:51:46
1183,28.50,2016-09-08 12:51:47
1184,28.56,2016-09-08 12:51:48
1185,28.50,2016-09-08 12:51:49
1186,28.50,2016-09-08 12:51:50
1187,28.50,2016-09-08 12:51:51
1188,28.56,2016-09-08 12:51:52
1189,28.56,2016-09-08 12:51:53
1190,28.50,2016-09-08 12:51:54
1191,28.50,2016-09-08 12:51:55
1192,28.50,2016-09-08 12:51:56
1193,28.56,2016-09-08 12:51:57
1194,28.50,2016-09-08 12:51:58
1195,28.50,2016-09-08 12:51:59
1196,28.56,2016-09-08 12:52:00
1197,28.50,2016-09-08 12:52:01
1198,28.50,2016-09-08 12:52:02
1199,28.50,2016-09-08 12:52:03
1200,28.50,2016-09-08 12:52:04
1201,28.50,2016-09-08 12:52:05
1202,28.50,2016-09-08 12:52:06
1203,28.50,2016-09-08 12:52:07
1204,28.50,2016-09-08 12:52:08
1205,28.50,2016-09-08 12:52:09
1206,28.50,2016-09-08 12:52:10
1207,28.50,2016-09-08 12:52:11
1208,28.50,2016-09-08 12:52:12
1209,28.50,2016-09-08 12:52:13
1210,28.50,2016-09-08 12:52:14
1211,28.50,2016-09-08 12:52:15
1212,28.50,2016-09-08 12:52:16
1213,28.50,2016-09-08 12:52:17
1214,28.50,2016-09-08 12:52:18
1215,28.50,2016-09-08 12:52:19
1216,28.50,2016-09-08 12:52:20
1217,28.50,2016-09-08 12:52:21
1218,28.50,2016-09-08 12:52:22
1219,28.50,2016-09-08 12:52:23
1220,28.50,2016-09-08 12:52:24
1221,28.50,2016-09-08 12:52:25
1222,28.50,2016-09-08 12:52:26
1223,28.50,2016-09-08 12:52:27
1224,28.50,2016-09-08 12:52:28
1225,28.50,2016-09-08 12:52:29
1226,28.44,2016-09-08 12:52:30
1227,28.50,2016-09-08 12:52:31
1228,28.50,2016-09-08 12:52:32
1229,28.44,2016-09-08 12:52:33
1230,28.50,2016-09-08 12:52:34
1231,28.50,2016-09-08 12:52:35
1232,28.56,2016-09-08 12:52:36
1233,28.50,2016-09-08 12:52:37
1234,28.44,2016-09-08 12:52:38
1235,28.50,2016-09-08 12:52:39
1236,28.44,2016-09-08 12:52:40
1237,28.44,2016-09-08 12:52:41
1238,28.44,2016-09-08 12:52:42
1239,28.50,2016-09-08 12:52:43
1240,28.50,2016-09-08 12:52:44
1241,28.50,2016-09-08 12:52:45
1242,28.50,2016-09-08 12:52:46
1243,28.44,2016-09-08 12:52:47
1244,28.50,2016-09-08 12:52:48
1245,28.50,2016-09-08 12:52:49
1246,28.50,2016-09-08 12:52:50
1247,28.44,2016-09-08 12:52:51
1248,28.44,2016-09-08 12:52:52
1249,28.44,2016-09-08 12:52:53
1250,28.50,2016-09-08 12:52:54
1251,28.50,2016-09-08 12:52:55
1252,28.44,2016-09-08 12:52:56
1253,28.44,2016-09-08 12:52:57
1254,28.44,2016-09-08 12:52:58
1255,28.44,2016-09-08 12:52:59
1256,28.44,2016-09-08 12:53:00
1257,28.44,2016-09-08 12:53:01
1258,28.44,2016-09-08 12:53:02
1259,28.44,2016-09-08 12:53:03
1260,28.50,2016-09-08 12:53:04
1261,28.44,2016-09-08 12:53:05
1262,28.44,2016-09-08 12:53:06
1263,28.44,2016-09-08 12:53:07
1264,28.44,2016-09-08 12:53:08
1265,28.44,2016-09-08 12:53:09
1266,28.44,2016-09-08 12:53:10
1267,28.44,2016-09-08 12:53:11
1268,28.44,2016-09-08 12:53:12
1269,28.44,2016-09-08 12:53:13
1270,28.44,2016-09-08 12:53:14
1271,28.44,2016-09-08 12:53:15
1272,28.38,2016-09-08 12:53:16
1273,28.44,2016-09-08 12:53:17
1274,28.38,2016-09-08 12:53:18
1275,28.38,2016-09-08 12:53:19
1276,28.44,2016-09-08 12:53:20
1277,28.44,2016-09-08 12:53:21
1278,28.38,2016-09-08 12:53:22
1279,28.38,2016-09-08 12:53:23
1280,28.38,2016-09-08 12:53:24
1281,28.38,2016-09-08 12:53:25
1282,28.38,2016-09-08 12:53:26
1283,28.38,2016-09-08 12:53:27
1284,28.38,2016-09-08 12:53:28
1285,28.38,2016-09-08 12:53:29
1286,28.38,2016-09-08 12:53:30
1287,28.38,2016-09-08 12:53:31
1288,28.38,2016-09-08 12:53:32
1289,28.38,2016-09-08 12:53:33
1290,28.38,2016-09-08 12:53:34
1291,28.38,2016-09-08 12:53:35
1292,28.38,2016-09-08 12:53:36
1293,28.38,2016-09-08 12:53:37
1294,28.38,2016-09-08 12:53:38
1295,28.38,2016-09-08 12:53:39
1296,28.38,2016-09-08 12:53:40
1297,28.38,2016-09-08 12:53:41
1298,28.38,2016-09-08 12:53:42
1299,28.38,2016-09-08 12:53:43
1300,28.38,2016-09-08 12:53:44
1301,28.38,2016-09-08 12:53:45
1302,28.38,2016-09-08 12:53:46
1303,28.38,2016-09-08 12:53:47
1304,28.38,2016-09-08 12:53:48
1305,28.38,2016-09-08 12:53:49
1306,28.38,2016-09-08 12:53:50
1307,28.38,2016-09-08 12:53:51
1308,28.38,2016-09-08 12:53:52
1309,28.44,2016-09-08 12:53:53
1310,28.38,2016-09-08 12:53:54
1311,28.38,2016-09-08 12:53:55
1312,28.38,2016-09-08 12:53:56
1313,28.38,2016-09-08 12:53:57
1314,28.44,2016-09-08 12:53:58
1315,28.38,2016-09-08 12:53:59
1316,28.38,2016-09-08 12:54:00
1317,28.38,2016-09-08 12:54:01
1318,28.38,2016-09-08 12:54:02
1319,28.38,2016-09-08 12:54:03
1320,28.38,2016-09-08 12:54:04
1321,28.38,2016-09-08 12:54:05
1322,28.38,2016-09-08 12:54:06
1323,28.38,2016-09-08 12:54:07
1324,28.38,2016-09-08 12:54:08
1325,28.38,2016-09-08 12:54:09
1326,28.38,2016-09-08 12:54:10
1327,28.38,2016-09-08 12:54:11
1328,28.38,2016-09-08 12:54:12
1329,28.31,2016-09-08 12:54:13
1330,28.38,2016-09-08 12:54:14
1331,28.38,2016-09-08 12:54:15
1332,28.38,2016-09-08 12:54:16
1333,28.38,2016-09-08 12:54:17
1334,28.38,2016-09-08 12:54:18
1335,28.38,2016-09-08 12:54:19
1336,28.31,2016-09-08 12:54:20
1337,28.38,2016-09-08 12:54:21
1338,28.38,2016-09-08 12:54:22
1339,28.38,2016-09-08 12:54:23
1340,28.38,2016-09-08 12:54:24
1341,28.38,2016-09-08 12:54:25
1342,28.38,2016-09-08 12:54:26
1343,28.38,2016-09-08 12:54:27
1344,28.31,2016-09-08 12:54:28
1345,28.38,2016-09-08 12:54:29
1346,28.38,2016-09-08 12:54:30
1347,28.38,2016-09-08 12:54:31
1348,28.38,2016-09-08 12:54:32
1349,28.31,2016-09-08 12:54:33
1350,28.38,2016-09-08 12:54:34
1351,28.38,2016-09-08 12:54:35
1352,28.38,2016-09-08 12:54:36
1353,28.38,2016-09-08 12:54:37
1354,28.38,2016-09-08 12:54:38
1355,28.38,2016-09-08 12:54:39
1356,28.38,2016-09-08 12:54:40
1357,28.38,2016-09-08 12:54:41
1358,28.44,2016-09-08 12:54:42
1359,28.44,2016-09-08 12:54:43
1360,28.44,2016-09-08 12:54:44
1361,28.50,2016-09-08 12:54:45
1362,28.50,2016-09-08 12:54:46
1363,28.50,2016-09-08 12:54:47
1364,28.50,2016-09-08 12:54:48
1365,28.56,2016-09-08 12:54:49
1366,28.56,2016-09-08 12:54:50
1367,28.63,2016-09-08 12:54:51
1368,28.69,2016-09-08 12:54:52
1369,28.63,2016-09-08 12:54:53
1370,28.63,2016-09-08 12:54:54
1371,28.63,2016-09-08 12:54:55
1372,28.63,2016-09-08 12:54:56
1373,28.63,2016-09-08 12:54:57
1374,28.63,2016-09-08 12:54:58
1375,28.69,2016-09-08 12:54:59
1376,28.63,2016-09-08 12:55:00
1377,28.63,2016-09-08 12:55:01
1378,28.63,2016-09-08 12:55:02
1379,28.63,2016-09-08 12:55:03
1380,28.63,2016-09-08 12:55:04
1381,28.63,2016-09-08 12:55:05
1382,28.63,2016-09-08 12:55:06
1383,28.63,2016-09-08 12:55:07
1384,28.63,2016-09-08 12:55:08
1385,28.63,2016-09-08 12:55:09
1386,28.63,2016-09-08 12:55:10
1387,28.63,2016-09-08 12:55:11
1388,28.63,2016-09-08 12:55:12
1389,28.63,2016-09-08 12:55:13
1390,28.63,2016-09-08 12:55:14
1391,28.63,2016-09-08 12:55:15
1392,28.63,2016-09-08 12:55:16
1393,28.63,2016-09-08 12:55:17
1394,28.63,2016-09-08 12:55:18
1395,28.69,2016-09-08 12:55:19
1396,28.63,2016-09-08 12:55:20
1397,28.63,2016-09-08 12:55:21
1398,28.63,2016-09-08 12:55:22
1399,28.69,2016-09-08 12:55:23
1400,28.81,2016-09-08 12:55:24
1401,28.88,2016-09-08 12:55:25
1402,28.94,2016-09-08 12:55:26
1403,28.94,2016-09-08 12:55:27
1404,29.00,2016-09-08 12:55:28
1405,29.00,2016-09-08 12:55:29
1406,29.00,2016-09-08 12:55:30
1407,29.06,2016-09-08 12:55:31
1408,29.06,2016-09-08 12:55:32
1409,29.06,2016-09-08 12:55:33
1410,29.06,2016-09-08 12:55:34
1411,29.06,2016-09-08 12:55:35
1412,29.13,2016-09-08 12:55:36
1413,29.13,2016-09-08 12:55:37
1414,29.00,2016-09-08 12:55:38
1415,29.00,2016-09-08 12:55:39
1416,29.00,2016-09-08 12:55:40
1417,29.00,2016-09-08 12:55:41
1418,29.00,2016-09-08 12:55:42
1419,29.00,2016-09-08 12:55:43
